utc,mode,seconds,frames,fps,p95_ms,p99_ms,cpu_ms,gpu_ms,draw_calls,triangles,gc_bytes_last_frame,allocated_mb,focused,focus_changes
2026-09-08T07:22:10.3916900Z,menu,5.01,284,56.65,18.57,61.01,16.76,unavailable,-1,4,-1,171.0,1,0
2026-09-08T07:22:15.4085250Z,menu,5.02,300,59.80,18.12,18.69,16.13,unavailable,-1,4,-1,171.0,1,0
2026-09-08T07:22:20.4260000Z,menu,5.02,301,60.00,17.94,19.07,17.57,unavailable,-1,4,-1,173.0,1,0
2026-09-08T07:22:25.4418120Z,menu,5.01,301,60.02,18.15,18.86,16.76,unavailable,-1,4,-1,173.0,1,0
2026-09-08T07:22:30.4575690Z,menu,5.01,298,59.42,18.22,21.35,17.65,unavailable,-1,4,-1,173.0,1,0
2026-09-08T07:22:35.4589430Z,menu,5.00,300,59.99,18.07,18.74,17.58,unavailable,-1,4,-1,173.0,1,0
2026-09-08T07:22:40.4603090Z,menu,5.00,300,59.99,18.01,19.22,16.51,unavailable,-1,4,-1,173.0,1,0
2026-09-08T07:22:45.4745450Z,menu,5.01,301,60.03,17.87,18.54,17.08,unavailable,-1,4,-1,173.0,1,0
2026-09-08T07:22:50.4778930Z,menu,5.00,296,59.19,18.93,34.40,16.22,unavailable,-1,4,-1,173.0,1,0
2026-09-08T07:22:55.4920460Z,menu,5.01,301,60.07,17.94,18.30,16.14,unavailable,-1,4,-1,173.0,1,0
2026-09-08T07:23:00.5098850Z,menu,5.02,301,59.99,18.17,19.00,18.54,unavailable,-1,4,-1,173.0,1,0
2026-09-08T07:23:05.5258720Z,menu,5.02,301,60.01,18.13,18.57,18.05,unavailable,-1,4,-1,173.0,1,0
2026-09-08T07:23:10.5429830Z,menu,5.02,301,60.00,18.10,19.88,15.69,unavailable,-1,4,-1,173.0,1,0
2026-09-08T07:23:15.5440730Z,menu,5.00,300,59.99,17.87,18.48,16.54,unavailable,-1,4,-1,173.0,1,0
2026-09-08T07:23:20.5612350Z,menu,5.02,301,60.01,18.19,18.66,17.07,unavailable,-1,4,-1,173.0,1,0
2026-09-08T07:23:25.5744420Z,menu,5.01,301,60.05,18.26,21.10,16.96,unavailable,-1,4,-1,173.0,1,0
2026-09-08T07:23:30.5762270Z,menu,5.00,300,59.99,18.08,18.63,15.97,unavailable,-1,4,-1,173.0,1,0
2026-09-08T07:23:35.5934290Z,menu,5.02,301,60.00,18.09,18.62,17.10,unavailable,-1,4,-1,173.0,1,0
2026-09-08T07:23:40.6090040Z,menu,5.02,299,59.62,18.33,30.95,17.45,unavailable,-1,4,-1,173.0,1,0
2026-09-08T07:23:45.6258030Z,menu,5.02,301,60.01,17.96,18.54,15.60,unavailable,-1,4,-1,173.0,1,0
2026-09-08T07:23:50.6429700Z,menu,5.02,301,60.01,18.01,18.70,18.04,unavailable,-1,4,-1,173.0,1,0
2026-09-08T07:23:55.6586310Z,menu,5.02,301,60.02,18.00,18.87,16.32,unavailable,-1,4,-1,173.0,1,0
2026-09-08T07:24:00.6743510Z,menu,5.02,299,59.62,18.31,26.32,15.94,unavailable,-1,4,-1,173.0,1,0
2026-09-08T07:24:05.6752690Z,menu,5.00,300,60.00,18.14,18.85,15.31,unavailable,-1,4,-1,173.0,1,0
2026-09-08T07:24:10.6912860Z,menu,5.01,301,60.02,18.00,18.45,15.70,unavailable,-1,4,-1,173.0,1,0
2026-09-08T07:24:15.7086710Z,menu,5.02,301,60.00,18.00,18.63,17.61,unavailable,-1,4,-1,173.0,1,0
2026-09-08T07:24:20.7241380Z,menu,5.01,299,59.62,18.31,26.19,15.82,unavailable,-1,4,-1,173.0,1,0
2026-09-08T07:24:25.7251980Z,menu,5.00,300,60.00,18.13,18.53,15.71,unavailable,-1,4,-1,173.0,1,0
2026-09-08T07:24:30.7416560Z,menu,5.02,301,60.01,18.09,18.53,15.77,unavailable,-1,4,-1,173.0,1,0
2026-09-08T07:24:35.7592630Z,menu,5.02,301,59.99,18.04,19.10,16.90,unavailable,-1,4,-1,173.0,1,0
2026-09-08T07:24:40.9137880Z,menu,5.15,253,49.09,18.24,19.03,16.47,unavailable,-1,4,-1,173.0,1,0
2026-09-08T07:24:45.9226150Z,menu,5.01,21,4.19,972.53,978.82,8.21,unavailable,-1,4,-1,173.0,1,0
2026-09-08T07:24:50.9279640Z,menu,5.00,18,3.60,984.51,984.51,1.41,unavailable,-1,4,-1,173.0,1,0
2026-09-08T07:24:55.9448560Z,menu,5.02,15,2.99,988.56,988.56,1.36,unavailable,-1,4,-1,173.0,1,0
2026-09-08T07:25:00.9718910Z,menu,5.03,16,3.18,991.89,991.89,83.25,unavailable,-1,4,-1,173.0,1,0
2026-09-08T07:25:05.9959450Z,menu,5.02,14,2.79,983.22,983.22,1.25,unavailable,-1,4,-1,173.0,1,0
2026-09-08T07:25:10.9977150Z,menu,5.00,15,3.00,985.13,985.13,1.92,unavailable,-1,4,-1,173.0,1,0
2026-09-08T07:25:15.9986490Z,menu,5.00,15,3.00,985.23,985.23,0.98,unavailable,-1,4,-1,173.0,1,0
2026-09-08T07:25:21.9144350Z,menu,5.92,17,2.87,978.38,978.38,970.09,unavailable,-1,4,-1,173.0,1,0
2026-09-08T07:25:26.9255550Z,menu,5.01,16,3.19,983.98,983.98,1.02,unavailable,-1,4,-1,173.0,1,0
2026-09-08T07:25:31.9383100Z,menu,5.01,15,2.99,987.03,987.03,13.84,unavailable,-1,4,-1,173.0,1,0
2026-09-08T07:25:36.9988730Z,menu,5.06,15,2.96,986.08,986.08,1.87,unavailable,-1,4,-1,173.0,1,0
2026-09-08T07:25:42.0821610Z,menu,5.08,16,3.15,984.87,984.87,13.58,unavailable,-1,4,-1,173.0,1,0
2026-09-08T07:25:47.9140230Z,menu,5.83,16,2.74,985.28,985.28,985.28,unavailable,-1,4,-1,173.0,1,0
2026-09-08T07:25:52.9150780Z,menu,5.00,15,3.00,984.00,984.00,984.00,unavailable,-1,4,-1,173.0,1,0
2026-09-08T07:25:57.9305690Z,menu,5.01,16,3.19,978.28,978.28,1.23,unavailable,-1,4,-1,173.0,1,0
2026-09-08T07:26:02.9442570Z,menu,5.01,16,3.19,1002.67,1002.67,12.17,unavailable,-1,4,-1,173.0,1,0
2026-09-08T07:26:07.9735230Z,menu,5.03,15,2.98,985.40,985.40,81.53,unavailable,-1,4,-1,173.0,1,0
2026-09-08T07:26:13.9159170Z,menu,5.94,12,2.02,998.39,998.39,997.82,unavailable,-1,4,-1,173.0,1,0
2026-09-08T07:26:18.9396570Z,menu,5.02,16,3.19,982.65,982.65,12.28,unavailable,-1,4,-1,173.0,1,0
2026-09-08T07:26:23.9443950Z,menu,5.00,15,3.00,978.49,978.49,1.17,unavailable,-1,4,-1,173.0,1,0
2026-09-08T07:26:28.9461670Z,menu,5.00,16,3.20,978.77,978.77,20.30,unavailable,-1,4,-1,173.0,1,0
2026-09-08T07:26:33.9590010Z,menu,5.01,238,47.48,17.80,21.30,16.52,unavailable,-1,4,-1,173.0,1,0
2026-09-08T07:26:38.9765270Z,menu,5.01,301,60.06,18.52,20.44,16.68,unavailable,-1,4,-1,173.0,1,0
2026-09-08T07:26:43.9775470Z,menu,5.00,300,59.99,18.78,20.71,16.65,unavailable,-1,4,-1,173.0,1,0
2026-09-08T07:26:48.9937610Z,menu,5.02,301,60.01,18.55,19.78,15.48,unavailable,-1,4,-1,173.0,1,0
2026-09-08T07:26:54.0090200Z,menu,5.01,299,59.63,18.70,21.80,16.20,unavailable,-1,4,-1,173.0,1,0
2026-09-08T07:26:59.0250010Z,menu,5.01,287,57.25,19.66,50.51,18.05,unavailable,-1,4,-1,173.0,1,0
2026-09-08T07:27:04.0258890Z,menu,5.00,300,60.00,18.50,20.74,17.36,unavailable,-1,4,-1,173.0,1,0
2026-09-08T07:27:09.0431720Z,menu,5.02,301,60.01,18.75,20.90,18.56,unavailable,-1,4,-1,173.0,1,0
2026-09-08T07:27:14.0440920Z,menu,5.00,300,59.99,18.59,19.83,15.80,unavailable,-1,4,-1,173.0,1,0
2026-09-08T07:27:19.0465710Z,menu,5.00,300,59.98,17.51,18.07,16.98,unavailable,-1,4,-1,173.0,1,0
2026-09-08T07:27:24.0627460Z,menu,5.02,301,60.01,17.38,17.87,17.08,unavailable,-1,4,-1,173.0,1,0
2026-09-08T07:27:29.0751990Z,menu,5.01,299,59.66,17.95,23.38,15.47,unavailable,-1,4,-1,173.0,1,0
2026-09-08T07:27:34.0773190Z,menu,5.00,300,59.99,18.61,20.25,16.69,unavailable,-1,4,-1,173.0,1,0
2026-09-08T07:27:39.0937940Z,menu,5.02,301,60.01,18.44,19.39,15.87,unavailable,-1,4,-1,173.0,1,0
2026-09-08T07:27:44.0963310Z,menu,5.00,300,59.97,18.20,19.64,16.83,unavailable,-1,4,-1,173.0,1,0
2026-09-08T07:27:49.1129280Z,menu,5.02,301,60.01,17.30,17.85,16.19,unavailable,-1,4,-1,173.0,1,0
2026-09-08T07:27:54.1295910Z,menu,5.02,301,60.01,17.35,17.62,16.50,unavailable,-1,4,-1,173.0,1,0
2026-09-08T07:27:59.1462930Z,menu,5.02,301,60.01,17.44,17.90,16.70,unavailable,-1,4,-1,173.0,1,0
2026-09-08T07:28:04.1590210Z,menu,5.01,301,60.06,18.52,22.01,15.79,unavailable,-1,4,-1,173.2,1,0
2026-09-08T07:28:09.1709660Z,playing,5.01,297,59.27,19.18,30.12,16.13,unavailable,-1,1171126,-1,173.3,1,0
2026-09-08T07:28:14.1875770Z,playing,5.02,301,60.02,18.31,21.56,16.75,unavailable,-1,1176656,-1,173.3,1,0
2026-09-08T07:28:19.2040750Z,playing,5.02,301,60.01,18.36,20.76,15.86,unavailable,-1,1264118,-1,178.2,1,0
2026-09-08T07:28:24.2180270Z,playing,5.01,301,60.04,18.15,20.17,16.11,unavailable,-1,1137797,-1,178.7,1,0
2026-09-08T07:28:29.2245590Z,menu,5.01,293,58.53,20.60,30.08,16.57,unavailable,-1,4,-1,178.3,1,0
2026-09-08T07:28:34.2256130Z,menu,5.00,295,59.00,18.62,31.69,15.81,unavailable,-1,4,-1,178.3,1,0
2026-09-08T07:28:39.2414380Z,menu,5.01,300,59.84,18.72,23.97,16.04,unavailable,-1,4,-1,178.3,1,0
2026-09-08T07:32:44.4590110Z,menu,5.02,296,59.02,19.80,30.86,15.39,unavailable,-1,4,-1,173.2,1,0
2026-09-08T07:32:49.4596200Z,menu,5.00,300,60.00,18.35,19.77,17.87,unavailable,-1,4,-1,173.2,1,0
2026-09-08T07:32:54.4763940Z,menu,5.02,298,59.41,19.14,23.79,17.16,unavailable,-1,4,-1,173.2,1,0
2026-09-08T07:32:59.5186580Z,menu,5.04,300,59.51,18.45,20.32,16.52,unavailable,-1,4,-1,173.2,1,0
2026-09-08T07:33:04.5261790Z,menu,5.01,294,58.72,18.62,37.10,16.64,unavailable,-1,4,-1,173.2,1,0
2026-09-08T07:33:09.5268500Z,menu,5.00,300,60.00,18.10,19.40,16.25,unavailable,-1,4,-1,173.2,1,0
2026-09-08T07:33:14.5307760Z,menu,5.00,296,59.16,18.76,20.80,16.09,unavailable,-1,4,-1,173.2,1,0
2026-09-08T07:33:19.5926030Z,menu,5.02,298,59.42,20.11,29.46,18.42,unavailable,-1,4,-1,173.2,1,0
2026-09-08T07:33:24.5931020Z,menu,5.00,300,60.00,18.34,19.63,17.43,unavailable,-1,4,-1,173.2,1,0
2026-09-08T07:33:29.6078170Z,playing,5.01,284,56.64,21.85,41.89,16.44,unavailable,-1,1104282,-1,173.3,1,0
2026-09-08T07:33:34.6243620Z,playing,5.01,300,59.84,19.87,21.57,16.84,unavailable,-1,1104282,-1,173.3,1,0
2026-09-08T07:33:39.6392150Z,playing,5.01,301,60.03,18.49,20.08,16.40,unavailable,-1,1132495,-1,178.2,1,0
2026-09-08T07:33:44.6410040Z,playing,5.00,300,59.98,18.15,20.15,15.50,unavailable,-1,1132495,-1,178.2,1,0
2026-09-08T07:33:49.6511370Z,playing,5.01,301,60.08,18.33,20.93,19.17,unavailable,-1,1132493,-1,178.4,1,0
2026-09-08T07:33:54.6538760Z,playing,5.00,300,59.97,18.20,19.60,15.73,unavailable,-1,1132493,-1,178.4,1,0
2026-09-08T07:33:59.6593900Z,menu,5.00,299,59.75,19.22,20.80,17.02,unavailable,-1,4,-1,178.4,1,0
2026-09-08T07:34:05.8146150Z,playing,5.00,286,57.17,22.18,46.02,17.26,unavailable,-1,1054908,-1,179.1,1,0
2026-09-08T07:34:10.8204620Z,playing,5.00,300,59.95,19.56,22.55,17.63,unavailable,-1,1083121,-1,179.9,1,0
2026-09-08T07:34:16.3230400Z,playing,5.50,215,39.08,18.88,23.97,15.98,unavailable,-1,1083121,-1,179.8,1,0
2026-09-08T07:34:21.3697480Z,playing,5.05,11,2.18,989.92,989.92,979.10,unavailable,-1,1083121,-1,180.0,1,0
2026-09-08T07:34:27.3308550Z,playing,5.96,11,1.85,995.84,995.84,5.27,unavailable,-1,1083121,-1,179.9,1,0
2026-09-08T07:34:32.3364930Z,playing,5.01,10,2.00,994.33,994.33,13.99,unavailable,-1,1083121,-1,180.0,1,0
2026-09-08T07:34:37.4293870Z,playing,5.09,11,2.16,988.94,988.94,988.05,unavailable,-1,1083119,-1,179.9,1,0
2026-09-08T07:34:43.3340480Z,playing,5.90,11,1.86,991.12,991.12,12.01,unavailable,-1,1083119,-1,179.9,1,0
2026-09-08T07:34:48.4087650Z,playing,5.07,11,2.17,990.03,990.03,982.49,unavailable,-1,1083119,-1,179.9,1,0
2026-09-08T07:34:54.3220650Z,playing,5.91,11,1.86,991.37,991.37,17.87,unavailable,-1,1083121,-1,179.9,1,0
2026-09-08T07:34:59.3864370Z,playing,5.06,11,2.17,990.54,990.54,985.30,unavailable,-1,1083121,-1,179.9,1,0
2026-09-08T07:35:05.3195520Z,menu,5.93,11,1.85,993.66,993.66,14.76,unavailable,-1,4,-1,179.9,1,0
2026-09-08T07:35:10.3453600Z,menu,5.03,12,2.39,998.90,998.90,4.54,unavailable,-1,4,-1,179.9,1,0
2026-09-08T07:35:15.4151700Z,menu,5.07,15,2.96,991.92,991.92,16.57,unavailable,-1,4,-1,179.9,1,0
2026-09-08T07:35:21.3140450Z,menu,5.90,16,2.71,984.57,984.57,918.86,unavailable,-1,4,-1,179.9,1,0
2026-09-08T07:35:26.3425790Z,menu,5.03,13,2.59,1001.68,1001.68,1001.68,unavailable,-1,4,-1,179.9,1,0
2026-09-08T07:35:31.3595340Z,menu,5.02,236,47.05,19.37,48.63,16.36,unavailable,-1,4,-1,179.9,1,0
2026-09-08T07:35:36.3770180Z,menu,5.01,301,60.02,18.85,20.79,17.28,unavailable,-1,4,-1,179.9,1,0
2026-09-08T07:35:41.3939780Z,menu,5.02,301,60.00,18.47,20.19,15.74,unavailable,-1,4,-1,179.9,1,0
2026-09-08T07:35:46.4089030Z,menu,5.01,301,60.04,18.20,19.25,17.74,unavailable,-1,4,-1,179.9,1,0
2026-09-08T07:35:51.4100820Z,menu,5.00,300,59.99,18.86,19.72,17.69,unavailable,-1,4,-1,179.9,1,0
2026-09-08T07:35:56.4116930Z,menu,5.00,300,59.99,18.24,19.87,16.52,unavailable,-1,4,-1,179.9,1,0
2026-09-08T07:36:01.4253440Z,menu,5.01,299,59.64,18.07,29.08,16.72,unavailable,-1,4,-1,179.9,1,0
2026-09-08T07:36:06.4263420Z,menu,5.00,300,60.00,18.52,21.71,16.16,unavailable,-1,4,-1,179.9,1,0
2026-09-08T07:36:11.4434880Z,menu,5.02,301,60.01,18.77,19.44,16.40,unavailable,-1,4,-1,179.9,1,0
2026-09-08T07:36:16.4609360Z,menu,5.02,301,60.00,17.67,18.31,13.83,unavailable,-1,4,-1,179.9,1,0
2026-09-08T07:36:21.4764040Z,menu,5.01,301,60.02,18.80,20.09,16.45,unavailable,-1,4,-1,179.9,1,0
2026-09-08T07:36:26.4925380Z,menu,5.02,298,59.42,18.65,32.62,15.93,unavailable,-1,4,-1,179.9,1,0
2026-09-08T07:36:31.5089220Z,menu,5.02,299,59.62,18.95,22.67,16.49,unavailable,-1,4,-1,179.9,1,0
2026-09-08T07:36:36.5265310Z,menu,5.02,300,59.81,18.74,21.69,17.70,unavailable,-1,4,-1,179.9,1,0
2026-09-08T07:36:41.5426980Z,menu,5.01,301,60.04,18.42,20.05,15.82,unavailable,-1,4,-1,179.9,1,0
2026-09-08T07:36:46.5587310Z,menu,5.02,301,60.02,18.26,20.04,19.59,unavailable,-1,4,-1,179.9,1,0
2026-09-08T07:36:51.5596910Z,menu,5.00,300,59.99,18.65,23.47,13.97,unavailable,-1,4,-1,179.9,1,0
2026-09-08T07:36:56.5610870Z,menu,5.00,300,60.00,18.67,20.84,15.11,unavailable,-1,4,-1,179.9,1,0
2026-09-08T07:37:01.5763880Z,menu,5.01,300,59.83,19.23,20.92,16.27,unavailable,-1,4,-1,179.9,1,0
2026-09-08T07:37:06.5893110Z,menu,5.01,298,59.46,20.53,30.49,16.49,unavailable,-1,4,-1,179.9,1,0
2026-09-08T07:37:11.5917190Z,menu,5.00,299,59.79,18.97,21.99,17.85,unavailable,-1,4,-1,179.9,1,0
2026-09-08T07:37:16.5925510Z,menu,5.00,287,57.37,22.19,46.41,17.50,unavailable,-1,4,-1,179.9,1,0
2026-09-08T07:37:21.6096840Z,menu,5.02,301,60.02,18.87,20.41,17.69,unavailable,-1,4,-1,179.9,1,0
2026-09-08T07:37:26.6270390Z,menu,5.02,301,60.00,18.68,19.95,15.65,unavailable,-1,4,-1,179.9,1,0
2026-09-08T07:37:31.6413830Z,menu,5.01,301,60.03,18.62,19.97,16.69,unavailable,-1,4,-1,179.9,1,0
2026-09-08T07:37:36.6446770Z,menu,5.00,300,59.96,18.37,19.32,17.20,unavailable,-1,4,-1,179.9,1,0
2026-09-08T07:37:41.6598670Z,menu,5.01,301,60.02,18.75,19.27,15.40,unavailable,-1,4,-1,179.9,1,0
2026-09-08T07:37:46.6624490Z,menu,5.00,300,59.98,18.43,19.75,16.01,unavailable,-1,4,-1,179.9,1,0
2026-09-08T07:37:51.6628860Z,menu,5.00,300,60.00,17.29,17.80,16.97,unavailable,-1,4,-1,179.9,1,0
2026-09-08T07:37:56.6794820Z,menu,5.02,301,60.01,17.22,17.69,17.56,unavailable,-1,4,-1,179.9,1,0
2026-09-08T07:38:01.6931110Z,menu,5.01,299,59.64,18.55,22.76,17.25,unavailable,-1,4,-1,179.9,1,0
2026-09-08T07:38:06.6962450Z,menu,5.00,300,59.97,17.82,19.06,16.32,unavailable,-1,4,-1,179.9,1,0
2026-09-08T07:38:11.7130380Z,menu,5.02,301,60.00,17.32,17.80,15.56,unavailable,-1,4,-1,179.9,1,0
2026-09-08T07:38:16.7295940Z,menu,5.02,301,60.01,17.39,17.57,16.30,unavailable,-1,4,-1,179.9,1,0
